roster_name,approved_ctv_id,owner_sales_user_id,status,review_note
Hoàng Diệu,,,CHƯA_DUYỆT,
Tạ Hải Long,,,CHƯA_DUYỆT,
Phạm Lê Tuấn Anh,,,CHƯA_DUYỆT,
Vương Thị Ngọc Giàu,,,CHƯA_DUYỆT,
Võ Ngọc Kim Ngân,,,CHƯA_DUYỆT,
Đặng Thị Thanh Hoa,,,CHƯA_DUYỆT,
Đỗ thị hoa,,,CHƯA_DUYỆT,
Ngụy Kim Ngọc,,,CHƯA_DUYỆT,
Văn Nguyễn Bảo Trân,,,CHƯA_DUYỆT,
Trần Thị Như Ngà,,,CHƯA_DUYỆT,
Lê Trung Thành,,,CHƯA_DUYỆT,
Võ Ngọc Minh Uyên,,,CHƯA_DUYỆT,
Nguyễn Ngọc Trang,,,CHƯA_DUYỆT,
Nguyễn Kiểu Phương Như,,,CHƯA_DUYỆT,
Nguyễn Thị Phương Thảo (đào tạo),,,CHƯA_DUYỆT,
Trương Thị Hồng Nhi,,,CHƯA_DUYỆT,
Hồ Tấn Lợi,,,CHƯA_DUYỆT,
Lê Thị Kim Anh,,,CHƯA_DUYỆT,
Trần Thị Thanh Hoài,,,CHƯA_DUYỆT,
Bùi Quang Tuyến,,,CHƯA_DUYỆT,
Nguyễn Bảo Phúc,,,CHƯA_DUYỆT,
Phạm Trường Sơn,,,CHƯA_DUYỆT,
Thượng Thị Thanh Lễ,,,CHƯA_DUYỆT,
Tăng Quôc Cường,,,CHƯA_DUYỆT,
Lê Mẫn Như Nguyệt,,,CHƯA_DUYỆT,
Hồ Hoàng Bảo Nhi,,,CHƯA_DUYỆT,
Phạm Văn Thuận,,,CHƯA_DUYỆT,
Lê Thị Quỳnh Trang,,,CHƯA_DUYỆT,
Lê Thị Phương Uyên,,,CHƯA_DUYỆT,
Nguyễn Trọng Nghĩa,,,CHƯA_DUYỆT,
Nguyễn Thị Thuỳ Ngân,,,CHƯA_DUYỆT,
