source_ctv_name,data_ctv_rows,exact_roster_name_after_normalization,suggested_sales_from_tele,supporting_leads,leads_with_tele,approved_ctv_id,owner_sales_user_id,decision,review_note
Hoa,29,,Bình,19,29,,,CHƯA_DUYỆT,
TC Việt Nhật,22,,Bình,7,22,,,CHƯA_DUYỆT,
Long,21,,Thư,8,21,,,CHƯA_DUYỆT,
Kim Ngân,13,,Bình,7,13,,,CHƯA_DUYỆT,
Giàu,10,,trinh,8,10,,,CHƯA_DUYỆT,
PXU_Nguyễn Trọng Nghĩa,10,,Bình,4,10,,,CHƯA_DUYỆT,
thầy Tuấn Anh,9,,trinh,6,9,,,CHƯA_DUYỆT,
Minh Uyên,8,,Thư,4,8,,,CHƯA_DUYỆT,
Thành,8,,Thư,6,8,,,CHƯA_DUYỆT,
Ngọc Trang,7,,Bình,7,7,,,CHƯA_DUYỆT,
PXU_Ng Anh Bình,7,,Tính,3,7,,,CHƯA_DUYỆT,
Thầy Tuyến PXU,6,,trinh,3,6,,,CHƯA_DUYỆT,
Hồng Nhi,6,,Bình,3,5,,,CHƯA_DUYỆT,
Phương Thảo - ĐT,6,,Dương,6,6,,,CHƯA_DUYỆT,
Như Ngà,5,,Thư,5,5,,,CHƯA_DUYỆT,
Phạm Văn Thuận,5,Phạm Văn Thuận,Dương,5,5,,,CHƯA_DUYỆT,
PXU_Phương Uyên,4,,Dương,3,4,,,CHƯA_DUYỆT,
Phạm Trường Sơn,3,Phạm Trường Sơn,Dương,3,3,,,CHƯA_DUYỆT,
PXU,2,,Bình,1,2,,,CHƯA_DUYỆT,
Kim Anh,2,,trinh,2,2,,,CHƯA_DUYỆT,
Ngụy Kim Ngọc,2,Ngụy Kim Ngọc,Thư,2,2,,,CHƯA_DUYỆT,
PXU_Ng Thùy Ngân,2,,Tính,1,2,,,CHƯA_DUYỆT,
PXU_Bảo Nhi,2,,Thư,2,2,,,CHƯA_DUYỆT,
Cô Hoa GDTX TNXP,1,,trinh,1,1,,,CHƯA_DUYỆT,
Thầy Diện GDQP,1,,trinh,1,1,,,CHƯA_DUYỆT,
Anh Hồ Tấn Lợi,1,,Thư,1,1,,,CHƯA_DUYỆT,
Thầy Trình PXU,1,,Bình,1,1,,,CHƯA_DUYỆT,
Kim Ngọc,1,,Thư,1,1,,,CHƯA_DUYỆT,
Bảo Trân,1,,Thư,1,1,,,CHƯA_DUYỆT,
Nhật Minh - TSPxu,1,,Tính,1,1,,,CHƯA_DUYỆT,
PXU_Trương Lạc Nhân,1,,Bình,1,1,,,CHƯA_DUYỆT,
PXU_Nguyễn Bảo Trung,1,,Tính,1,1,,,CHƯA_DUYỆT,
Thiện,1,,trinh,1,1,,,CHƯA_DUYỆT,
Nguyễn Bảo Phúc,1,Nguyễn Bảo Phúc,Dương,1,1,,,CHƯA_DUYỆT,
Thượng Thị Thanh Lễ,1,Thượng Thị Thanh Lễ,Dương,1,1,,,CHƯA_DUYỆT,
PXU_Nhật Minh,1,,Thư,1,1,,,CHƯA_DUYỆT,
Trần Thị Thanh Hoài,1,Trần Thị Thanh Hoài,Bình,1,1,,,CHƯA_DUYỆT,
Như Nguyệt,1,,Thư,1,1,,,CHƯA_DUYỆT,
Nhật Khánh,1,,Thư,1,1,,,CHƯA_DUYỆT,
Trần Thị Bích Liên,1,,trinh,1,1,,,CHƯA_DUYỆT,
Lê Thị Quỳnh Trang,1,Lê Thị Quỳnh Trang,Dương,1,1,,,CHƯA_DUYỆT,
SPC - TC Bach khoa SG,1,,trinh,1,1,,,CHƯA_DUYỆT,
