person_candidate_group,source,sheet,row,entity,ne_rows_in_group,lead_rows_in_group,application_link_decision
G00408,ne2026,NE 2026,5,NE_HISTORY,2,1,CHUA_DUYET
G00408,ne2025,NE 2025,271,NE_HISTORY,2,1,CHUA_DUYET
G00408,lead_online,LEAD ONLINE,347,LEAD,2,1,CHUA_DUYET
G01584,ne2026,NE 2026,8,NE_HISTORY,1,1,CHUA_DUYET
G01584,lead_self,Lead tự tạo,379,LEAD,1,1,CHUA_DUYET
G01586,ne2026,NE 2026,19,NE_HISTORY,1,1,CHUA_DUYET
G01586,lead_self,Lead tự tạo,382,LEAD,1,1,CHUA_DUYET
G00502,ne2026,NE 2026,23,NE_HISTORY,1,1,CHUA_DUYET
G00502,data_ctv,Data CTV,83,LEAD,1,1,CHUA_DUYET
G00474,ne2026,NE 2026,35,NE_HISTORY,1,1,CHUA_DUYET
G00474,data_ctv,Data CTV,41,LEAD,1,1,CHUA_DUYET
G01589,ne2026,NE 2026,37,NE_HISTORY,1,1,CHUA_DUYET
G01589,lead_self,Lead tự tạo,385,LEAD,1,1,CHUA_DUYET
G01347,ne2026,NE 2026,44,NE_HISTORY,1,1,CHUA_DUYET
G01347,lead_self,Lead tự tạo,129,LEAD,1,1,CHUA_DUYET
G00507,ne2026,NE 2026,47,NE_HISTORY,1,1,CHUA_DUYET
G00507,data_ctv,Data CTV,88,LEAD,1,1,CHUA_DUYET
G00511,ne2026,NE 2026,51,NE_HISTORY,1,1,CHUA_DUYET
G00511,data_ctv,Data CTV,92,LEAD,1,1,CHUA_DUYET
G00504,ne2026,NE 2026,52,NE_HISTORY,1,1,CHUA_DUYET
G00504,data_ctv,Data CTV,85,LEAD,1,1,CHUA_DUYET
G00505,ne2026,NE 2026,54,NE_HISTORY,1,1,CHUA_DUYET
G00505,data_ctv,Data CTV,86,LEAD,1,1,CHUA_DUYET
G00509,ne2026,NE 2026,58,NE_HISTORY,1,1,CHUA_DUYET
G00509,data_ctv,Data CTV,90,LEAD,1,1,CHUA_DUYET
G00506,ne2026,NE 2026,62,NE_HISTORY,1,1,CHUA_DUYET
G00506,data_ctv,Data CTV,87,LEAD,1,1,CHUA_DUYET
G00518,ne2026,NE 2026,65,NE_HISTORY,1,1,CHUA_DUYET
G00518,data_ctv,Data CTV,99,LEAD,1,1,CHUA_DUYET
G00516,ne2026,NE 2026,66,NE_HISTORY,1,1,CHUA_DUYET
G00516,data_ctv,Data CTV,97,LEAD,1,1,CHUA_DUYET
G00519,ne2026,NE 2026,67,NE_HISTORY,1,1,CHUA_DUYET
G00519,data_ctv,Data CTV,100,LEAD,1,1,CHUA_DUYET
G00517,ne2026,NE 2026,71,NE_HISTORY,1,1,CHUA_DUYET
G00517,data_ctv,Data CTV,98,LEAD,1,1,CHUA_DUYET
G00523,ne2026,NE 2026,72,NE_HISTORY,1,1,CHUA_DUYET
G00523,data_ctv,Data CTV,104,LEAD,1,1,CHUA_DUYET
G00479,ne2026,NE 2026,73,NE_HISTORY,1,1,CHUA_DUYET
G00479,data_ctv,Data CTV,50,LEAD,1,1,CHUA_DUYET
G00522,ne2026,NE 2026,75,NE_HISTORY,1,1,CHUA_DUYET
G00522,data_ctv,Data CTV,103,LEAD,1,1,CHUA_DUYET
G00521,ne2026,NE 2026,76,NE_HISTORY,1,1,CHUA_DUYET
G00521,data_ctv,Data CTV,102,LEAD,1,1,CHUA_DUYET
G00525,ne2026,NE 2026,79,NE_HISTORY,1,1,CHUA_DUYET
G00525,data_ctv,Data CTV,106,LEAD,1,1,CHUA_DUYET
G00512,ne2026,NE 2026,80,NE_HISTORY,1,1,CHUA_DUYET
G00512,data_ctv,Data CTV,93,LEAD,1,1,CHUA_DUYET
G00515,ne2026,NE 2026,81,NE_HISTORY,1,1,CHUA_DUYET
G00515,data_ctv,Data CTV,96,LEAD,1,1,CHUA_DUYET
G00524,ne2026,NE 2026,82,NE_HISTORY,1,2,CHUA_DUYET
G00524,data_ctv,Data CTV,105,LEAD,1,2,CHUA_DUYET
G00524,lead_self,Lead tự tạo,404,LEAD,1,2,CHUA_DUYET
G01230,ne2026,NE 2026,87,NE_HISTORY,1,1,CHUA_DUYET
G01230,lead_self,Lead tự tạo,8,LEAD,1,1,CHUA_DUYET
G00529,ne2026,NE 2026,91,NE_HISTORY,1,1,CHUA_DUYET
G00529,data_ctv,Data CTV,110,LEAD,1,1,CHUA_DUYET
G00531,ne2026,NE 2026,92,NE_HISTORY,1,1,CHUA_DUYET
G00531,data_ctv,Data CTV,112,LEAD,1,1,CHUA_DUYET
G00532,ne2026,NE 2026,93,NE_HISTORY,1,1,CHUA_DUYET
G00532,data_ctv,Data CTV,113,LEAD,1,1,CHUA_DUYET
G00538,ne2026,NE 2026,96,NE_HISTORY,1,2,CHUA_DUYET
G00538,data_ctv,Data CTV,119,LEAD,1,2,CHUA_DUYET
G00538,lead_self,Lead tự tạo,423,LEAD,1,2,CHUA_DUYET
G00539,ne2026,NE 2026,97,NE_HISTORY,1,2,CHUA_DUYET
G00539,data_ctv,Data CTV,120,LEAD,1,2,CHUA_DUYET
G00539,lead_self,Lead tự tạo,424,LEAD,1,2,CHUA_DUYET
G00536,ne2026,NE 2026,98,NE_HISTORY,1,1,CHUA_DUYET
G00536,data_ctv,Data CTV,117,LEAD,1,1,CHUA_DUYET
G00575,ne2026,NE 2026,99,NE_HISTORY,1,1,CHUA_DUYET
G00575,data_ctv,Data CTV,157,LEAD,1,1,CHUA_DUYET
G00541,ne2026,NE 2026,100,NE_HISTORY,1,1,CHUA_DUYET
G00541,data_ctv,Data CTV,123,LEAD,1,1,CHUA_DUYET
G00540,ne2026,NE 2026,103,NE_HISTORY,1,1,CHUA_DUYET
G00540,data_ctv,Data CTV,121,LEAD,1,1,CHUA_DUYET
G01572,ne2026,NE 2026,104,NE_HISTORY,1,1,CHUA_DUYET
G01572,lead_self,Lead tự tạo,364,LEAD,1,1,CHUA_DUYET
G00543,ne2026,NE 2026,105,NE_HISTORY,1,1,CHUA_DUYET
G00543,data_ctv,Data CTV,125,LEAD,1,1,CHUA_DUYET
G00535,ne2026,NE 2026,106,NE_HISTORY,1,1,CHUA_DUYET
G00535,data_ctv,Data CTV,116,LEAD,1,1,CHUA_DUYET
G00527,ne2026,NE 2026,107,NE_HISTORY,1,1,CHUA_DUYET
G00527,data_ctv,Data CTV,108,LEAD,1,1,CHUA_DUYET
G00547,ne2026,NE 2026,113,NE_HISTORY,1,2,CHUA_DUYET
G00547,data_ctv,Data CTV,129,LEAD,1,2,CHUA_DUYET
G00547,data_ctv,Data CTV,176,LEAD,1,2,CHUA_DUYET
G00546,ne2026,NE 2026,114,NE_HISTORY,1,2,CHUA_DUYET
G00546,data_ctv,Data CTV,128,LEAD,1,2,CHUA_DUYET
G00546,data_ctv,Data CTV,177,LEAD,1,2,CHUA_DUYET
G00537,ne2026,NE 2026,115,NE_HISTORY,1,1,CHUA_DUYET
G00537,data_ctv,Data CTV,118,LEAD,1,1,CHUA_DUYET
G00548,ne2026,NE 2026,116,NE_HISTORY,1,1,CHUA_DUYET
G00548,data_ctv,Data CTV,130,LEAD,1,1,CHUA_DUYET
G00549,ne2026,NE 2026,117,NE_HISTORY,1,1,CHUA_DUYET
G00549,data_ctv,Data CTV,131,LEAD,1,1,CHUA_DUYET
G00576,ne2026,NE 2026,119,NE_HISTORY,1,2,CHUA_DUYET
G00576,data_ctv,Data CTV,158,LEAD,1,2,CHUA_DUYET
G00576,data_ctv,Data CTV,178,LEAD,1,2,CHUA_DUYET
G00577,ne2026,NE 2026,120,NE_HISTORY,1,2,CHUA_DUYET
G00577,data_ctv,Data CTV,159,LEAD,1,2,CHUA_DUYET
G00577,data_ctv,Data CTV,179,LEAD,1,2,CHUA_DUYET
G00514,ne2026,NE 2026,121,NE_HISTORY,1,1,CHUA_DUYET
G00514,data_ctv,Data CTV,95,LEAD,1,1,CHUA_DUYET
G00578,ne2026,NE 2026,122,NE_HISTORY,1,1,CHUA_DUYET
G00578,data_ctv,Data CTV,160,LEAD,1,1,CHUA_DUYET
G00508,ne2026,NE 2026,123,NE_HISTORY,1,1,CHUA_DUYET
G00508,data_ctv,Data CTV,89,LEAD,1,1,CHUA_DUYET
G00565,ne2026,NE 2026,126,NE_HISTORY,1,1,CHUA_DUYET
G00565,data_ctv,Data CTV,147,LEAD,1,1,CHUA_DUYET
G00566,ne2026,NE 2026,127,NE_HISTORY,1,1,CHUA_DUYET
G00566,data_ctv,Data CTV,148,LEAD,1,1,CHUA_DUYET
G00552,ne2026,NE 2026,129,NE_HISTORY,1,1,CHUA_DUYET
G00552,data_ctv,Data CTV,134,LEAD,1,1,CHUA_DUYET
G00553,ne2026,NE 2026,130,NE_HISTORY,1,1,CHUA_DUYET
G00553,data_ctv,Data CTV,135,LEAD,1,1,CHUA_DUYET
G00554,ne2026,NE 2026,131,NE_HISTORY,1,1,CHUA_DUYET
G00554,data_ctv,Data CTV,136,LEAD,1,1,CHUA_DUYET
G00562,ne2026,NE 2026,132,NE_HISTORY,1,1,CHUA_DUYET
G00562,data_ctv,Data CTV,144,LEAD,1,1,CHUA_DUYET
G00555,ne2026,NE 2026,135,NE_HISTORY,1,1,CHUA_DUYET
G00555,data_ctv,Data CTV,137,LEAD,1,1,CHUA_DUYET
G00550,ne2026,NE 2026,137,NE_HISTORY,1,1,CHUA_DUYET
G00550,data_ctv,Data CTV,132,LEAD,1,1,CHUA_DUYET
G00923,ne2026,NE 2026,139,NE_HISTORY,1,1,CHUA_DUYET
G00923,lead_online,LEAD ONLINE,314,LEAD,1,1,CHUA_DUYET
G00579,ne2026,NE 2026,142,NE_HISTORY,1,1,CHUA_DUYET
G00579,data_ctv,Data CTV,161,LEAD,1,1,CHUA_DUYET
G01080,ne2026,NE 2026,143,NE_HISTORY,1,1,CHUA_DUYET
G01080,lead_online,LEAD ONLINE,473,LEAD,1,1,CHUA_DUYET
G00580,ne2026,NE 2026,144,NE_HISTORY,1,2,CHUA_DUYET
G00580,data_ctv,Data CTV,162,LEAD,1,2,CHUA_DUYET
G00580,data_ctv,Data CTV,180,LEAD,1,2,CHUA_DUYET
G00545,ne2026,NE 2026,146,NE_HISTORY,1,2,CHUA_DUYET
G00545,data_ctv,Data CTV,127,LEAD,1,2,CHUA_DUYET
G00545,lead_self,Lead tự tạo,432,LEAD,1,2,CHUA_DUYET
G00594,ne2026,NE 2026,151,NE_HISTORY,1,1,CHUA_DUYET
G00594,data_ctv,Data CTV,181,LEAD,1,1,CHUA_DUYET
G00561,ne2026,NE 2026,154,NE_HISTORY,1,1,CHUA_DUYET
G00561,data_ctv,Data CTV,143,LEAD,1,1,CHUA_DUYET
G00564,ne2026,NE 2026,155,NE_HISTORY,1,2,CHUA_DUYET
G00564,data_ctv,Data CTV,146,LEAD,1,2,CHUA_DUYET
G00564,data_ctv,Data CTV,196,LEAD,1,2,CHUA_DUYET
G00572,ne2026,NE 2026,157,NE_HISTORY,1,1,CHUA_DUYET
G00572,data_ctv,Data CTV,154,LEAD,1,1,CHUA_DUYET
G00563,ne2026,NE 2026,159,NE_HISTORY,1,1,CHUA_DUYET
G00563,data_ctv,Data CTV,145,LEAD,1,1,CHUA_DUYET
G00595,ne2026,NE 2026,160,NE_HISTORY,1,1,CHUA_DUYET
G00595,data_ctv,Data CTV,182,LEAD,1,1,CHUA_DUYET
G00551,ne2026,NE 2026,162,NE_HISTORY,1,1,CHUA_DUYET
G00551,data_ctv,Data CTV,133,LEAD,1,1,CHUA_DUYET
G00608,ne2026,NE 2026,163,NE_HISTORY,1,1,CHUA_DUYET
G00608,data_ctv,Data CTV,197,LEAD,1,1,CHUA_DUYET
G00569,ne2026,NE 2026,166,NE_HISTORY,1,1,CHUA_DUYET
G00569,data_ctv,Data CTV,151,LEAD,1,1,CHUA_DUYET
G00567,ne2026,NE 2026,169,NE_HISTORY,1,1,CHUA_DUYET
G00567,data_ctv,Data CTV,149,LEAD,1,1,CHUA_DUYET
G00568,ne2026,NE 2026,174,NE_HISTORY,1,1,CHUA_DUYET
G00568,data_ctv,Data CTV,150,LEAD,1,1,CHUA_DUYET
G00596,ne2026,NE 2026,175,NE_HISTORY,1,1,CHUA_DUYET
G00596,data_ctv,Data CTV,183,LEAD,1,1,CHUA_DUYET
G00597,ne2026,NE 2026,180,NE_HISTORY,1,1,CHUA_DUYET
G00597,data_ctv,Data CTV,184,LEAD,1,1,CHUA_DUYET
G00581,ne2026,NE 2026,183,NE_HISTORY,1,1,CHUA_DUYET
G00581,data_ctv,Data CTV,163,LEAD,1,1,CHUA_DUYET
G00583,ne2026,NE 2026,184,NE_HISTORY,1,1,CHUA_DUYET
G00583,data_ctv,Data CTV,165,LEAD,1,1,CHUA_DUYET
G00607,ne2026,NE 2026,188,NE_HISTORY,1,1,CHUA_DUYET
G00607,data_ctv,Data CTV,195,LEAD,1,1,CHUA_DUYET
G00584,ne2026,NE 2026,189,NE_HISTORY,1,1,CHUA_DUYET
G00584,data_ctv,Data CTV,166,LEAD,1,1,CHUA_DUYET
G00598,ne2026,NE 2026,191,NE_HISTORY,1,1,CHUA_DUYET
G00598,data_ctv,Data CTV,185,LEAD,1,1,CHUA_DUYET
G00574,ne2026,NE 2026,193,NE_HISTORY,1,1,CHUA_DUYET
G00574,data_ctv,Data CTV,156,LEAD,1,1,CHUA_DUYET
G00571,ne2026,NE 2026,194,NE_HISTORY,1,1,CHUA_DUYET
G00571,data_ctv,Data CTV,153,LEAD,1,1,CHUA_DUYET
G00582,ne2026,NE 2026,198,NE_HISTORY,1,1,CHUA_DUYET
G00582,data_ctv,Data CTV,164,LEAD,1,1,CHUA_DUYET
G00573,ne2026,NE 2026,201,NE_HISTORY,1,2,CHUA_DUYET
G00573,data_ctv,Data CTV,155,LEAD,1,2,CHUA_DUYET
G00573,lead_self,Lead tự tạo,126,LEAD,1,2,CHUA_DUYET
G00606,ne2026,NE 2026,204,NE_HISTORY,1,1,CHUA_DUYET
G00606,data_ctv,Data CTV,194,LEAD,1,1,CHUA_DUYET
G00570,ne2026,NE 2026,205,NE_HISTORY,1,1,CHUA_DUYET
G00570,data_ctv,Data CTV,152,LEAD,1,1,CHUA_DUYET
G00605,ne2026,NE 2026,207,NE_HISTORY,1,1,CHUA_DUYET
G00605,data_ctv,Data CTV,193,LEAD,1,1,CHUA_DUYET
G00599,ne2026,NE 2026,208,NE_HISTORY,1,1,CHUA_DUYET
G00599,data_ctv,Data CTV,187,LEAD,1,1,CHUA_DUYET
G00470,ne2026,NE 2026,209,NE_HISTORY,1,3,CHUA_DUYET
G00470,data_ctv,Data CTV,36,LEAD,1,3,CHUA_DUYET
G00470,data_ctv,Data CTV,186,LEAD,1,3,CHUA_DUYET
G00470,lead_self,Lead tự tạo,297,LEAD,1,3,CHUA_DUYET
G00585,ne2026,NE 2026,213,NE_HISTORY,1,1,CHUA_DUYET
G00585,data_ctv,Data CTV,167,LEAD,1,1,CHUA_DUYET
G00609,ne2026,NE 2026,215,NE_HISTORY,1,1,CHUA_DUYET
G00609,data_ctv,Data CTV,198,LEAD,1,1,CHUA_DUYET
G00604,ne2026,NE 2026,218,NE_HISTORY,1,1,CHUA_DUYET
G00604,data_ctv,Data CTV,192,LEAD,1,1,CHUA_DUYET
G00619,ne2026,NE 2026,219,NE_HISTORY,1,1,CHUA_DUYET
G00619,data_ctv,Data CTV,208,LEAD,1,1,CHUA_DUYET
G00587,ne2026,NE 2026,222,NE_HISTORY,1,1,CHUA_DUYET
G00587,data_ctv,Data CTV,169,LEAD,1,1,CHUA_DUYET
G00620,ne2026,NE 2026,228,NE_HISTORY,1,1,CHUA_DUYET
G00620,data_ctv,Data CTV,209,LEAD,1,1,CHUA_DUYET
G00586,ne2026,NE 2026,229,NE_HISTORY,1,1,CHUA_DUYET
G00586,data_ctv,Data CTV,168,LEAD,1,1,CHUA_DUYET
G00621,ne2026,NE 2026,230,NE_HISTORY,1,1,CHUA_DUYET
G00621,data_ctv,Data CTV,210,LEAD,1,1,CHUA_DUYET
G00603,ne2026,NE 2026,231,NE_HISTORY,1,1,CHUA_DUYET
G00603,data_ctv,Data CTV,191,LEAD,1,1,CHUA_DUYET
G00622,ne2026,NE 2026,232,NE_HISTORY,1,1,CHUA_DUYET
G00622,data_ctv,Data CTV,211,LEAD,1,1,CHUA_DUYET
G00600,ne2026,NE 2026,237,NE_HISTORY,1,1,CHUA_DUYET
G00600,data_ctv,Data CTV,188,LEAD,1,1,CHUA_DUYET
G01652,ne2026,NE 2026,241,NE_HISTORY,1,1,CHUA_DUYET
G01652,lead_self,Lead tự tạo,455,LEAD,1,1,CHUA_DUYET
G00623,ne2026,NE 2026,242,NE_HISTORY,1,1,CHUA_DUYET
G00623,data_ctv,Data CTV,212,LEAD,1,1,CHUA_DUYET
G00610,ne2026,NE 2026,243,NE_HISTORY,1,1,CHUA_DUYET
G00610,data_ctv,Data CTV,199,LEAD,1,1,CHUA_DUYET
G00624,ne2026,NE 2026,245,NE_HISTORY,1,1,CHUA_DUYET
G00624,data_ctv,Data CTV,213,LEAD,1,1,CHUA_DUYET
G00611,ne2026,NE 2026,247,NE_HISTORY,1,1,CHUA_DUYET
G00611,data_ctv,Data CTV,200,LEAD,1,1,CHUA_DUYET
G00588,ne2026,NE 2026,248,NE_HISTORY,1,1,CHUA_DUYET
G00588,data_ctv,Data CTV,170,LEAD,1,1,CHUA_DUYET
G00625,ne2026,NE 2026,256,NE_HISTORY,1,1,CHUA_DUYET
G00625,data_ctv,Data CTV,214,LEAD,1,1,CHUA_DUYET
G00602,ne2026,NE 2026,261,NE_HISTORY,1,1,CHUA_DUYET
G00602,data_ctv,Data CTV,190,LEAD,1,1,CHUA_DUYET
G00601,ne2026,NE 2026,262,NE_HISTORY,1,1,CHUA_DUYET
G00601,data_ctv,Data CTV,189,LEAD,1,1,CHUA_DUYET
G00626,ne2026,NE 2026,265,NE_HISTORY,1,1,CHUA_DUYET
G00626,data_ctv,Data CTV,215,LEAD,1,1,CHUA_DUYET
G00591,ne2026,NE 2026,271,NE_HISTORY,1,1,CHUA_DUYET
G00591,data_ctv,Data CTV,173,LEAD,1,1,CHUA_DUYET
G00627,ne2026,NE 2026,275,NE_HISTORY,1,1,CHUA_DUYET
G00627,data_ctv,Data CTV,216,LEAD,1,1,CHUA_DUYET
G01150,ne2026,NE 2026,277,NE_HISTORY,1,1,CHUA_DUYET
G01150,lead_online,LEAD ONLINE,544,LEAD,1,1,CHUA_DUYET
G00592,ne2026,NE 2026,281,NE_HISTORY,1,1,CHUA_DUYET
G00592,data_ctv,Data CTV,174,LEAD,1,1,CHUA_DUYET
G01669,ne2026,NE 2026,284,NE_HISTORY,1,1,CHUA_DUYET
G01669,web_gmail,Web gmail Viện,2,LEAD,1,1,CHUA_DUYET
G00590,ne2026,NE 2026,288,NE_HISTORY,1,1,CHUA_DUYET
G00590,data_ctv,Data CTV,172,LEAD,1,1,CHUA_DUYET
G00628,ne2026,NE 2026,289,NE_HISTORY,1,1,CHUA_DUYET
G00628,data_ctv,Data CTV,217,LEAD,1,1,CHUA_DUYET
G01672,ne2026,NE 2026,294,NE_HISTORY,1,1,CHUA_DUYET
G01672,web_gmail,Web gmail Viện,5,LEAD,1,1,CHUA_DUYET
G00629,ne2026,NE 2026,327,NE_HISTORY,1,1,CHUA_DUYET
G00629,data_ctv,Data CTV,218,LEAD,1,1,CHUA_DUYET
G00630,ne2026,NE 2026,333,NE_HISTORY,1,2,CHUA_DUYET
G00630,data_ctv,Data CTV,219,LEAD,1,2,CHUA_DUYET
G00630,lead_self,Lead tự tạo,464,LEAD,1,2,CHUA_DUYET
G01313,ne2025,NE 2025,4,NE_HISTORY,1,1,CHUA_DUYET
G01313,lead_self,Lead tự tạo,93,LEAD,1,1,CHUA_DUYET
G00446,ne2025,NE 2025,6,NE_HISTORY,1,2,CHUA_DUYET
G00446,data_ctv,Data CTV,3,LEAD,1,2,CHUA_DUYET
G00446,lead_self,Lead tự tạo,111,LEAD,1,2,CHUA_DUYET
G01335,ne2025,NE 2025,9,NE_HISTORY,1,1,CHUA_DUYET
G01335,lead_self,Lead tự tạo,116,LEAD,1,1,CHUA_DUYET
G00734,ne2025,NE 2025,10,NE_HISTORY,1,1,CHUA_DUYET
G00734,lead_online,LEAD ONLINE,115,LEAD,1,1,CHUA_DUYET
G01343,ne2025,NE 2025,11,NE_HISTORY,1,1,CHUA_DUYET
G01343,lead_self,Lead tự tạo,124,LEAD,1,1,CHUA_DUYET
G01341,ne2025,NE 2025,13,NE_HISTORY,1,1,CHUA_DUYET
G01341,lead_self,Lead tự tạo,122,LEAD,1,1,CHUA_DUYET
G00451,ne2025,NE 2025,16,NE_HISTORY,1,2,CHUA_DUYET
G00451,data_ctv,Data CTV,9,LEAD,1,2,CHUA_DUYET
G00451,lead_self,Lead tự tạo,144,LEAD,1,2,CHUA_DUYET
G01364,ne2025,NE 2025,17,NE_HISTORY,1,1,CHUA_DUYET
G01364,lead_self,Lead tự tạo,147,LEAD,1,1,CHUA_DUYET
G01373,ne2025,NE 2025,18,NE_HISTORY,1,1,CHUA_DUYET
G01373,lead_self,Lead tự tạo,157,LEAD,1,1,CHUA_DUYET
G01370,ne2025,NE 2025,19,NE_HISTORY,1,1,CHUA_DUYET
G01370,lead_self,Lead tự tạo,154,LEAD,1,1,CHUA_DUYET
G00453,ne2025,NE 2025,20,NE_HISTORY,1,2,CHUA_DUYET
G00453,data_ctv,Data CTV,12,LEAD,1,2,CHUA_DUYET
G00453,lead_self,Lead tự tạo,153,LEAD,1,2,CHUA_DUYET
G00452,ne2025,NE 2025,21,NE_HISTORY,1,1,CHUA_DUYET
G00452,data_ctv,Data CTV,10,LEAD,1,1,CHUA_DUYET
G00450,ne2025,NE 2025,23,NE_HISTORY,1,1,CHUA_DUYET
G00450,data_ctv,Data CTV,8,LEAD,1,1,CHUA_DUYET
G01224,ne2025,NE 2025,24,NE_HISTORY,1,1,CHUA_DUYET
G01224,lead_self,Lead tự tạo,2,LEAD,1,1,CHUA_DUYET
G01389,ne2025,NE 2025,25,NE_HISTORY,1,1,CHUA_DUYET
G01389,lead_self,Lead tự tạo,174,LEAD,1,1,CHUA_DUYET
G01388,ne2025,NE 2025,26,NE_HISTORY,1,1,CHUA_DUYET
G01388,lead_self,Lead tự tạo,173,LEAD,1,1,CHUA_DUYET
G00770,ne2025,NE 2025,28,NE_HISTORY,1,2,CHUA_DUYET
G00770,lead_online,LEAD ONLINE,156,LEAD,1,2,CHUA_DUYET
G00770,lead_self,Lead tự tạo,172,LEAD,1,2,CHUA_DUYET
G00343,ne2025,NE 2025,29,NE_HISTORY,2,1,CHUA_DUYET
G00343,ne2025,NE 2025,196,NE_HISTORY,2,1,CHUA_DUYET
G00343,lead_online,LEAD ONLINE,157,LEAD,2,1,CHUA_DUYET
G01391,ne2025,NE 2025,30,NE_HISTORY,1,1,CHUA_DUYET
G01391,lead_self,Lead tự tạo,176,LEAD,1,1,CHUA_DUYET
G01228,ne2025,NE 2025,34,NE_HISTORY,1,1,CHUA_DUYET
G01228,lead_self,Lead tự tạo,6,LEAD,1,1,CHUA_DUYET
G01374,ne2025,NE 2025,36,NE_HISTORY,1,1,CHUA_DUYET
G01374,lead_self,Lead tự tạo,158,LEAD,1,1,CHUA_DUYET
G01415,ne2025,NE 2025,37,NE_HISTORY,1,1,CHUA_DUYET
G01415,lead_self,Lead tự tạo,201,LEAD,1,1,CHUA_DUYET
G01404,ne2025,NE 2025,38,NE_HISTORY,1,1,CHUA_DUYET
G01404,lead_self,Lead tự tạo,190,LEAD,1,1,CHUA_DUYET
G01425,ne2025,NE 2025,40,NE_HISTORY,1,1,CHUA_DUYET
G01425,lead_self,Lead tự tạo,212,LEAD,1,1,CHUA_DUYET
G00459,ne2025,NE 2025,43,NE_HISTORY,1,2,CHUA_DUYET
G00459,data_ctv,Data CTV,20,LEAD,1,2,CHUA_DUYET
G00459,lead_self,Lead tự tạo,233,LEAD,1,2,CHUA_DUYET
G00460,ne2025,NE 2025,49,NE_HISTORY,1,1,CHUA_DUYET
G00460,data_ctv,Data CTV,21,LEAD,1,1,CHUA_DUYET
G00462,ne2025,NE 2025,51,NE_HISTORY,1,2,CHUA_DUYET
G00462,data_ctv,Data CTV,25,LEAD,1,2,CHUA_DUYET
G00462,lead_self,Lead tự tạo,250,LEAD,1,2,CHUA_DUYET
G01464,ne2025,NE 2025,53,NE_HISTORY,1,1,CHUA_DUYET
G01464,lead_self,Lead tự tạo,254,LEAD,1,1,CHUA_DUYET
G01459,ne2025,NE 2025,55,NE_HISTORY,1,1,CHUA_DUYET
G01459,lead_self,Lead tự tạo,248,LEAD,1,1,CHUA_DUYET
G01420,ne2025,NE 2025,56,NE_HISTORY,1,1,CHUA_DUYET
G01420,lead_self,Lead tự tạo,206,LEAD,1,1,CHUA_DUYET
G01451,ne2025,NE 2025,57,NE_HISTORY,1,1,CHUA_DUYET
G01451,lead_self,Lead tự tạo,239,LEAD,1,1,CHUA_DUYET
G01466,ne2025,NE 2025,59,NE_HISTORY,1,1,CHUA_DUYET
G01466,lead_self,Lead tự tạo,256,LEAD,1,1,CHUA_DUYET
G01470,ne2025,NE 2025,60,NE_HISTORY,1,1,CHUA_DUYET
G01470,lead_self,Lead tự tạo,260,LEAD,1,1,CHUA_DUYET
G00789,ne2025,NE 2025,61,NE_HISTORY,1,1,CHUA_DUYET
G00789,lead_online,LEAD ONLINE,180,LEAD,1,1,CHUA_DUYET
G00458,ne2025,NE 2025,63,NE_HISTORY,1,2,CHUA_DUYET
G00458,data_ctv,Data CTV,19,LEAD,1,2,CHUA_DUYET
G00458,lead_self,Lead tự tạo,267,LEAD,1,2,CHUA_DUYET
G01476,ne2025,NE 2025,68,NE_HISTORY,1,1,CHUA_DUYET
G01476,lead_self,Lead tự tạo,266,LEAD,1,1,CHUA_DUYET
G00468,ne2025,NE 2025,69,NE_HISTORY,1,1,CHUA_DUYET
G00468,data_ctv,Data CTV,31,LEAD,1,1,CHUA_DUYET
G01487,ne2025,NE 2025,70,NE_HISTORY,1,1,CHUA_DUYET
G01487,lead_self,Lead tự tạo,278,LEAD,1,1,CHUA_DUYET
G01494,ne2025,NE 2025,71,NE_HISTORY,1,1,CHUA_DUYET
G01494,lead_self,Lead tự tạo,285,LEAD,1,1,CHUA_DUYET
G01490,ne2025,NE 2025,72,NE_HISTORY,1,1,CHUA_DUYET
G01490,lead_self,Lead tự tạo,281,LEAD,1,1,CHUA_DUYET
G00804,ne2025,NE 2025,73,NE_HISTORY,1,1,CHUA_DUYET
G00804,lead_online,LEAD ONLINE,195,LEAD,1,1,CHUA_DUYET
G01497,ne2025,NE 2025,74,NE_HISTORY,1,1,CHUA_DUYET
G01497,lead_self,Lead tự tạo,288,LEAD,1,1,CHUA_DUYET
G00472,ne2025,NE 2025,76,NE_HISTORY,1,1,CHUA_DUYET
G00472,data_ctv,Data CTV,38,LEAD,1,1,CHUA_DUYET
G01366,ne2025,NE 2025,78,NE_HISTORY,1,1,CHUA_DUYET
G01366,lead_self,Lead tự tạo,149,LEAD,1,1,CHUA_DUYET
G00809,ne2025,NE 2025,79,NE_HISTORY,1,1,CHUA_DUYET
G00809,lead_online,LEAD ONLINE,200,LEAD,1,1,CHUA_DUYET
G01507,ne2025,NE 2025,81,NE_HISTORY,1,1,CHUA_DUYET
G01507,lead_self,Lead tự tạo,299,LEAD,1,1,CHUA_DUYET
G01495,ne2025,NE 2025,94,NE_HISTORY,1,1,CHUA_DUYET
G01495,lead_self,Lead tự tạo,286,LEAD,1,1,CHUA_DUYET
G00814,ne2025,NE 2025,100,NE_HISTORY,1,1,CHUA_DUYET
G00814,lead_online,LEAD ONLINE,205,LEAD,1,1,CHUA_DUYET
G00826,ne2025,NE 2025,104,NE_HISTORY,1,1,CHUA_DUYET
G00826,lead_online,LEAD ONLINE,217,LEAD,1,1,CHUA_DUYET
G00471,ne2025,NE 2025,107,NE_HISTORY,1,1,CHUA_DUYET
G00471,data_ctv,Data CTV,37,LEAD,1,1,CHUA_DUYET
G01526,ne2025,NE 2025,113,NE_HISTORY,1,1,CHUA_DUYET
G01526,lead_self,Lead tự tạo,318,LEAD,1,1,CHUA_DUYET
G00827,ne2025,NE 2025,118,NE_HISTORY,1,1,CHUA_DUYET
G00827,lead_online,LEAD ONLINE,218,LEAD,1,1,CHUA_DUYET
G00477,ne2025,NE 2025,119,NE_HISTORY,1,1,CHUA_DUYET
G00477,data_ctv,Data CTV,48,LEAD,1,1,CHUA_DUYET
G00478,ne2025,NE 2025,122,NE_HISTORY,1,1,CHUA_DUYET
G00478,data_ctv,Data CTV,49,LEAD,1,1,CHUA_DUYET
G00845,ne2025,NE 2025,124,NE_HISTORY,1,1,CHUA_DUYET
G00845,lead_online,LEAD ONLINE,236,LEAD,1,1,CHUA_DUYET
G00461,ne2025,NE 2025,127,NE_HISTORY,1,2,CHUA_DUYET
G00461,data_ctv,Data CTV,23,LEAD,1,2,CHUA_DUYET
G00461,lead_self,Lead tự tạo,244,LEAD,1,2,CHUA_DUYET
G00825,ne2025,NE 2025,129,NE_HISTORY,1,1,CHUA_DUYET
G00825,lead_online,LEAD ONLINE,216,LEAD,1,1,CHUA_DUYET
G00481,ne2025,NE 2025,132,NE_HISTORY,1,1,CHUA_DUYET
G00481,data_ctv,Data CTV,53,LEAD,1,1,CHUA_DUYET
G00476,ne2025,NE 2025,133,NE_HISTORY,1,1,CHUA_DUYET
G00476,data_ctv,Data CTV,47,LEAD,1,1,CHUA_DUYET
G01552,ne2025,NE 2025,137,NE_HISTORY,1,1,CHUA_DUYET
G01552,lead_self,Lead tự tạo,344,LEAD,1,1,CHUA_DUYET
G00858,ne2025,NE 2025,144,NE_HISTORY,1,1,CHUA_DUYET
G00858,lead_online,LEAD ONLINE,249,LEAD,1,1,CHUA_DUYET
G00483,ne2025,NE 2025,146,NE_HISTORY,1,1,CHUA_DUYET
G00483,data_ctv,Data CTV,56,LEAD,1,1,CHUA_DUYET
G00480,ne2025,NE 2025,147,NE_HISTORY,1,1,CHUA_DUYET
G00480,data_ctv,Data CTV,52,LEAD,1,1,CHUA_DUYET
G00485,ne2025,NE 2025,151,NE_HISTORY,1,1,CHUA_DUYET
G00485,data_ctv,Data CTV,58,LEAD,1,1,CHUA_DUYET
G00484,ne2025,NE 2025,153,NE_HISTORY,1,1,CHUA_DUYET
G00484,data_ctv,Data CTV,57,LEAD,1,1,CHUA_DUYET
G01557,ne2025,NE 2025,154,NE_HISTORY,1,1,CHUA_DUYET
G01557,lead_self,Lead tự tạo,349,LEAD,1,1,CHUA_DUYET
G00482,ne2025,NE 2025,158,NE_HISTORY,1,1,CHUA_DUYET
G00482,data_ctv,Data CTV,55,LEAD,1,1,CHUA_DUYET
G00486,ne2025,NE 2025,162,NE_HISTORY,1,1,CHUA_DUYET
G00486,data_ctv,Data CTV,59,LEAD,1,1,CHUA_DUYET
G00888,ne2025,NE 2025,169,NE_HISTORY,1,1,CHUA_DUYET
G00888,lead_online,LEAD ONLINE,279,LEAD,1,1,CHUA_DUYET
G00895,ne2025,NE 2025,170,NE_HISTORY,1,1,CHUA_DUYET
G00895,lead_online,LEAD ONLINE,286,LEAD,1,1,CHUA_DUYET
G01571,ne2025,NE 2025,177,NE_HISTORY,1,1,CHUA_DUYET
G01571,lead_self,Lead tự tạo,363,LEAD,1,1,CHUA_DUYET
G00489,ne2025,NE 2025,178,NE_HISTORY,1,1,CHUA_DUYET
G00489,data_ctv,Data CTV,63,LEAD,1,1,CHUA_DUYET
G00487,ne2025,NE 2025,186,NE_HISTORY,1,1,CHUA_DUYET
G00487,data_ctv,Data CTV,60,LEAD,1,1,CHUA_DUYET
G00926,ne2025,NE 2025,187,NE_HISTORY,1,1,CHUA_DUYET
G00926,lead_online,LEAD ONLINE,317,LEAD,1,1,CHUA_DUYET
G00491,ne2025,NE 2025,189,NE_HISTORY,1,1,CHUA_DUYET
G00491,data_ctv,Data CTV,70,LEAD,1,1,CHUA_DUYET
G00492,ne2025,NE 2025,191,NE_HISTORY,1,2,CHUA_DUYET
G00492,data_ctv,Data CTV,71,LEAD,1,2,CHUA_DUYET
G00492,lead_self,Lead tự tạo,375,LEAD,1,2,CHUA_DUYET
G00488,ne2025,NE 2025,197,NE_HISTORY,1,1,CHUA_DUYET
G00488,data_ctv,Data CTV,61,LEAD,1,1,CHUA_DUYET
G00493,ne2025,NE 2025,199,NE_HISTORY,1,1,CHUA_DUYET
G00493,data_ctv,Data CTV,72,LEAD,1,1,CHUA_DUYET
G00494,ne2025,NE 2025,201,NE_HISTORY,1,2,CHUA_DUYET
G00494,data_ctv,Data CTV,74,LEAD,1,2,CHUA_DUYET
G00494,lead_self,Lead tự tạo,377,LEAD,1,2,CHUA_DUYET
G00490,ne2025,NE 2025,202,NE_HISTORY,1,1,CHUA_DUYET
G00490,data_ctv,Data CTV,65,LEAD,1,1,CHUA_DUYET
G01372,ne2025,NE 2025,203,NE_HISTORY,1,1,CHUA_DUYET
G01372,lead_self,Lead tự tạo,156,LEAD,1,1,CHUA_DUYET
G00495,ne2025,NE 2025,231,NE_HISTORY,1,2,CHUA_DUYET
G00495,data_ctv,Data CTV,75,LEAD,1,2,CHUA_DUYET
G00495,lead_self,Lead tự tạo,381,LEAD,1,2,CHUA_DUYET
G00496,ne2025,NE 2025,232,NE_HISTORY,1,1,CHUA_DUYET
G00496,data_ctv,Data CTV,76,LEAD,1,1,CHUA_DUYET
G00498,ne2025,NE 2025,234,NE_HISTORY,1,1,CHUA_DUYET
G00498,data_ctv,Data CTV,78,LEAD,1,1,CHUA_DUYET
G00951,ne2025,NE 2025,236,NE_HISTORY,1,1,CHUA_DUYET
G00951,lead_online,LEAD ONLINE,342,LEAD,1,1,CHUA_DUYET
G00497,ne2025,NE 2025,259,NE_HISTORY,1,2,CHUA_DUYET
G00497,data_ctv,Data CTV,77,LEAD,1,2,CHUA_DUYET
G00497,lead_self,Lead tự tạo,374,LEAD,1,2,CHUA_DUYET
