source_name,all_source_rows,ne2026_rows,sources,suggested_group,approved_user_id,decision,review_note
Bình,443,0,data_ctv | lead_online | lead_self | web_gmail,Bình,,CHƯA_DUYỆT,
Thư,389,0,data_ctv | lead_online | lead_self | web_gmail | zalo_oa,Thư,,CHƯA_DUYỆT,
Trinh,155,0,lead_online | lead_self | web_gmail,Trinh,,CHƯA_DUYỆT,
ĐẶNG ANH THƯ,103,103,ne2026,Thư,,CHƯA_DUYỆT,
THUỲ DƯƠNG,100,100,ne2026,Dương,,CHƯA_DUYỆT,
NHƯ BÌNH,67,67,ne2026,Bình,,CHƯA_DUYỆT,
Dương,65,0,data_ctv | lead_online | web_gmail,Dương,,CHƯA_DUYỆT,
Tính,52,0,data_ctv | lead_online | lead_self | web_gmail | zalo_oa,Tính,,CHƯA_DUYỆT,
trinh,42,0,data_ctv | lead_online | lead_self,Trinh,,CHƯA_DUYỆT,
PHƯƠNG TRINH,27,27,ne2026,Trinh,,CHƯA_DUYỆT,
TRINH,24,0,lead_self,Trinh,,CHƯA_DUYỆT,
Nga,13,0,lead_online,Nga,,CHƯA_DUYỆT,
NGUYỄN THỊ MINH TÍNH,10,10,ne2026,Tính,,CHƯA_DUYỆT,
bình,8,0,lead_self,Bình,,CHƯA_DUYỆT,
MINH TÍNH,7,7,ne2026,Tính,,CHƯA_DUYỆT,
Thịnh,6,0,lead_online | lead_self,,,CHƯA_DUYỆT,
Thịnh - Bình,5,0,lead_self,,,CHƯA_DUYỆT,
HỒNG NHI,4,4,ne2026,,,CHƯA_DUYỆT,
NGUYỄN THÙY NGÂN,3,3,ne2026,,,CHƯA_DUYỆT,
THÙY NGA,3,3,ne2026,Nga,,CHƯA_DUYỆT,
thịnh,3,0,lead_self,,,CHƯA_DUYỆT,
THUỲ NGA,2,2,ne2026,Nga,,CHƯA_DUYỆT,
BẢO NHI (pxu),1,1,ne2026,,,CHƯA_DUYỆT,
Như Bình,1,1,ne2026,Bình,,CHƯA_DUYỆT,
ĐÀO TẠO,1,1,ne2026,,,CHƯA_DUYỆT,
Anh Thư và Như Bình,1,0,lead_self,,,CHƯA_DUYỆT,
